419,Neddie,52,13/04/2021
1417,Kimmi,89,24/06/2020
1435,Pandora,41,20/09/2020
114,Tracy,47,15/05/2020
233,Galina,55,30/06/2020
1425,Minnie,93,08/04/2021
1148,Colver,25,17/09/2020
830,Venus,22,07/06/2020
1494,Oran,82,05/04/2021
198,Stearne,71,24/11/2020
1986,Kelvin,17,31/05/2020
1329,Hercule,2,02/02/2021
297,Frieda,41,02/11/2020
323,Liliane,90,18/02/2021
237,Reggie,90,28/08/2020
1129,Weston,14,05/08/2020
1198,Winni,27,11/05/2020
1303,Kaitlynn,41,29/12/2020
338,Gwyneth,13,13/11/2020
419,Misti,31,14/03/2021
1185,Cherye,30,11/03/2021
134,Auguste,5,25/09/2020
1119,Pippo,22,23/02/2021
448,Alta,12,30/08/2020
617,Rabi,91,17/01/2021
904,Clementine,87,09/07/2020
1304,Torrance,29,15/03/2021
1401,Vally,79,22/10/2020
1433,Kirbee,15,26/11/2020
987,Romona,45,18/02/2021
1216,Philbert,88,26/06/2020
577,Fernanda,100,31/05/2020
1824,Earl,58,29/05/2020
1181,Starlene,39,31/03/2021
1647,Con,19,17/12/2020
1246,Mehetabel,70,31/05/2020
1472,Nicola,52,12/05/2020
498,Dunn,80,11/11/2020
701,Alleyn,98,03/08/2020
596,Duff,54,17/01/2021
1637,Erhart,39,28/10/2020
410,Stevie,50,16/05/2020
972,Giralda,71,05/03/2021
1992,Obediah,27,30/06/2020
1940,Dosi,7,26/01/2021
1213,Jase,81,13/12/2020
1393,Reggie,20,29/08/2020
1503,Milissent,60,13/05/2020
1585,Carmencita,38,22/11/2020
1978,Dari,12,14/06/2020
251,Bogey,91,29/07/2020
1293,Richmound,71,23/06/2020
764,Petronella,54,23/01/2021
207,Andriana,23,13/08/2020
788,Thatcher,8,14/06/2020
701,Freida,26,05/10/2020
1682,Sibella,90,05/04/2021
322,Sibella,70,11/05/2020
1640,Miles,84,05/01/2021
250,Sissie,15,31/12/2020
922,Chip,86,10/04/2021
1651,Mohandas,97,10/05/2020
1311,Herrick,49,14/10/2020
606,Elianora,20,07/07/2020
404,Ted,74,22/05/2020
861,Kessia,67,23/04/2021
1050,Ginni,29,13/01/2021
649,Breena,69,07/01/2021
1627,Melesa,82,16/04/2021
912,Lauraine,17,01/03/2021
1538,Mureil,48,25/09/2020
380,Jethro,24,18/03/2021
831,Myrtie,97,24/01/2021
293,Efrem,15,26/11/2020
1412,Junia,67,03/10/2020
442,Laurens,20,18/10/2020
1172,Lisetta,100,22/03/2021
349,Toby,66,26/04/2020
1315,Edin,79,01/12/2020
1163,Park,92,20/08/2020
1138,Gilbertina,11,14/12/2020
1525,Ursulina,24,05/11/2020
1521,Roslyn,100,11/12/2020
1475,Ilyssa,100,05/04/2021
1744,Chelsy,97,14/06/2020
415,Artur,22,03/07/2020
1737,Philis,98,11/04/2021
1053,Lonny,1,13/11/2020
833,Sileas,16,05/02/2021
324,Natasha,100,13/08/2020
887,Timothee,48,05/09/2020
1351,Giavani,16,23/03/2021
1273,Chickie,54,01/10/2020
1156,Neila,50,29/05/2020
1314,Enos,49,29/10/2020
1015,Mab,57,10/10/2020
1992,Caren,16,22/01/2021
1869,Garold,5,28/10/2020
1933,Silvain,85,14/01/2021
1686,Herschel,30,07/07/2020
199,Jerad,61,16/02/2021
1303,Urbain,34,04/05/2020
575,Helena,12,11/04/2021
949,Antoni,38,01/04/2021
1647,Tades,45,01/11/2020
1954,Rockwell,38,17/10/2020
488,Stacee,54,17/03/2021
1728,Eula,67,30/12/2020
1252,Welch,11,30/06/2020
266,Eleanora,34,21/12/2020
348,Thomasine,71,27/10/2020
1597,Asia,92,11/12/2020
1466,Winna,72,11/03/2021
203,Maude,3,14/04/2021
468,Sofia,42,02/04/2021
1268,Heather,99,17/11/2020
483,Rina,29,01/03/2021
743,Fanchette,76,06/08/2020
823,Adolph,75,13/12/2020
1760,Meade,90,30/07/2020
182,Antons,92,15/12/2020
451,Hieronymus,17,18/10/2020
483,Hamel,71,17/06/2020
1993,Kain,57,09/06/2020
982,Kippy,21,04/11/2020
1780,Sergio,85,20/10/2020
465,Sibelle,69,02/03/2021
666,Goran,33,27/09/2020
757,Chase,70,08/08/2020
1897,Levey,97,25/06/2020
335,Yulma,59,04/12/2020
761,Ferdinanda,15,26/06/2020
1744,Paxon,27,07/11/2020
652,Cornie,99,28/01/2021
1422,Junie,35,02/05/2020
1899,Benedikt,3,22/04/2021
975,Zaccaria,49,30/11/2020
309,Wolf,82,26/02/2021
1089,Nancie,87,25/04/2021
427,Ardis,98,08/10/2020
534,Honey,21,07/04/2021
576,Christiane,39,10/09/2020
825,Lilas,27,15/07/2020
362,Roderigo,1,20/07/2020
1680,Jimmy,5,21/08/2020
1536,Allina,98,12/05/2020
107,Dario,45,28/04/2020
1345,Harmon,61,14/04/2021
1089,Aarika,9,12/12/2020
1844,Prudence,38,15/04/2021
1827,Alberto,15,27/09/2020
1852,Lonnie,97,30/12/2020
1099,Farr,81,23/10/2020
1318,Suzanne,72,16/01/2021
1348,Thea,78,14/04/2021
1791,Charlie,55,09/08/2020
993,Jolie,46,02/09/2020
762,Darya,63,03/12/2020
202,Lyndsay,31,11/11/2020
1682,Joeann,45,22/03/2021
1592,Cynde,83,11/05/2020
1743,Norine,9,16/07/2020
1965,Garth,46,04/01/2021
1918,Jamie,70,22/05/2020
944,Griffith,7,20/02/2021
220,Andeee,16,18/06/2020
1797,Pate,51,05/04/2021
1845,Maure,63,05/11/2020
319,Cthrine,69,17/02/2021
618,Tull,96,04/07/2020
888,Lorrayne,62,17/02/2021
1787,Pascale,96,31/07/2020
1105,Langston,63,05/04/2021
567,Darrelle,54,07/11/2020
574,Christian,38,13/11/2020
327,Roderich,23,22/08/2020
998,Lawton,92,03/03/2021
313,Tirrell,51,21/04/2021
810,Elbertine,42,08/04/2021
1873,Georgianna,39,07/08/2020
1894,Othello,74,09/09/2020
553,Blanche,51,05/09/2020
1753,Danya,75,20/12/2020
374,Amity,73,18/05/2020
1148,Tirrell,20,25/08/2020
900,Yardley,45,20/03/2021
1659,Will,29,26/12/2020
614,Rosie,88,28/01/2021
233,Zonda,78,25/05/2020
1000,Cyndia,5,14/02/2021
1176,Charlton,13,22/06/2020
1765,Traver,4,22/11/2020
1291,Devon,65,17/07/2020
1934,Annaliese,58,16/10/2020
1259,Falkner,39,26/03/2021
802,Melamie,64,30/12/2020
646,Paola,20,20/01/2021
1686,Marven,54,21/12/2020
741,Eliza,37,16/10/2020
1617,Raynell,50,29/05/2020
1337,Coralie,3,04/03/2021
1836,Jamie,66,21/12/2020
1741,Janeczka,20,11/04/2021
891,Tom,4,15/10/2020
1773,Melisandra,76,16/02/2021
344,Marcellus,30,26/04/2020
1300,Kania,60,20/04/2021
1814,Idalia,87,18/11/2020
201,Eulalie,100,31/07/2020
1124,Charmaine,33,15/10/2020
559,Floris,59,21/08/2020
674,Nathalie,99,26/05/2020
1408,Nicolea,7,17/05/2020
1582,Grethel,72,08/05/2020
919,Ferne,72,03/08/2020
250,Joshuah,81,22/02/2021
373,Sela,95,22/01/2021
636,Grace,32,20/08/2020
1146,Fremont,48,09/12/2020
920,Eryn,25,18/03/2021
729,Judon,32,11/09/2020
636,Desi,66,07/07/2020
1999,Ramsey,75,07/03/2021
1846,Crosby,43,18/12/2020
1758,Simonne,21,13/05/2020
1446,Shaw,87,09/02/2021
1113,Kathe,2,22/08/2020
1191,James,79,03/01/2021
1405,Annice,58,20/03/2021
728,Myra,99,31/08/2020
1566,Hendrika,24,08/07/2020
300,Ainslee,18,28/03/2021
1343,Dane,71,23/12/2020
1221,Juliet,46,09/02/2021
1251,Shannan,59,28/08/2020
1142,Randene,54,29/12/2020
1964,Darby,6,26/02/2021
1095,Maury,4,24/04/2021
311,Ester,56,24/08/2020
447,Fernande,43,11/10/2020
1592,Minette,100,29/09/2020
548,Luella,54,12/02/2021
1540,Ame,42,01/03/2021
1291,Happy,51,27/05/2020
1739,Maximo,72,04/12/2020
1002,Esma,99,19/11/2020
1186,Kelbee,33,06/10/2020
757,Federico,98,05/08/2020
665,Marlene,87,02/10/2020
751,Emera,73,23/07/2020
1519,Thea,14,18/03/2021
794,Corby,78,04/01/2021
904,Maxine,10,27/10/2020
1733,Valry,20,09/07/2020
888,Curcio,51,22/11/2020
936,Anette,5,22/09/2020
1344,Flynn,55,26/02/2021
180,Nerti,50,25/07/2020
1634,Cozmo,6,15/12/2020
638,Cyndi,15,14/02/2021
1630,Humphrey,68,24/08/2020
261,Lisetta,61,17/11/2020
1185,Cherri,48,22/03/2021
1485,Luz,50,24/03/2021
1759,Trudy,58,18/11/2020
1849,Brodie,67,23/05/2020
608,Dicky,15,05/09/2020
377,Cordi,51,26/08/2020
1606,Marcelia,76,06/10/2020
937,Paulina,68,20/10/2020
1578,Markus,97,23/11/2020
183,Jillene,5,11/01/2021
1650,Ethelind,15,31/12/2020
1006,Mona,56,30/01/2021
1925,Carmelita,95,30/07/2020
212,Danice,43,06/05/2020
1919,Aurore,90,21/09/2020
1018,El,76,10/03/2021
1044,Darlene,57,05/03/2021
1564,Elwin,23,12/06/2020
1261,Demetra,36,28/01/2021
1935,Carole,9,11/07/2020
538,Regan,35,20/09/2020
421,Clayborn,89,19/11/2020
286,Dmitri,9,04/04/2021
1759,Cello,68,12/12/2020
145,Waite,84,30/10/2020
1277,Jolene,92,30/11/2020
577,Caria,62,17/03/2021
1174,Glenn,79,31/12/2020
118,Clarinda,3,10/07/2020
191,Hannah,99,16/07/2020
1430,Auguste,18,12/03/2021
315,Guillaume,40,11/10/2020
677,Godwin,72,21/05/2020
1454,Ambrosio,43,17/05/2020
1833,Christal,57,24/01/2021
1814,Idalia,8,07/01/2021
1292,Trev,70,30/07/2020
966,Gertruda,79,21/04/2021
1685,Rolf,37,28/01/2021
1167,Reba,43,30/11/2020
286,Alano,56,05/12/2020
1667,Petrina,21,08/05/2020
597,Thatch,32,12/05/2020
473,Joshua,30,11/01/2021
898,Kirbee,21,05/07/2020
537,Munroe,1,06/02/2021
1599,Binnie,52,27/11/2020
1863,Artemis,29,27/08/2020
214,Jeramie,77,10/07/2020
1277,Mitzi,19,01/04/2021
1758,Donna,87,21/08/2020
373,Ursuline,23,05/09/2020
1978,Temple,23,07/10/2020
1121,Romy,88,08/11/2020
1860,Aldridge,68,16/04/2021
1297,Chancey,95,25/04/2021
481,Jeremiah,64,05/07/2020
784,Britte,85,08/04/2021
939,Ailyn,14,27/08/2020
145,Georgette,87,19/02/2021
1537,Esta,88,14/07/2020
1744,Tobe,1,19/01/2021
1511,Joyan,78,18/09/2020
1543,Roderick,75,28/07/2020
732,Sharline,8,02/12/2020
892,Loren,95,10/04/2021
1003,Fifi,38,01/02/2021
1923,Hyman,87,31/07/2020
701,Carmella,28,22/06/2020
826,Massimiliano,43,29/12/2020
828,Sonni,100,09/10/2020
530,Junette,74,15/06/2020
1204,Dorothee,27,09/11/2020
942,Henry,71,01/08/2020
154,Christye,25,01/07/2020
1306,Dido,92,01/11/2020
1043,Robin,40,16/01/2021
818,Harlie,99,17/02/2021
491,Conan,91,04/08/2020
1060,Dianne,98,15/07/2020
1871,Dion,19,02/11/2020
510,Husain,78,13/05/2020
1104,Mathew,16,01/03/2021
1024,Den,53,27/12/2020
1753,Olimpia,71,07/12/2020
561,Allyce,79,20/03/2021
1802,Betsey,66,02/01/2021
1210,Carey,77,15/08/2020
1711,Osgood,56,30/04/2020
1855,Benedetta,13,03/12/2020
393,Harcourt,60,01/12/2020
184,Tristan,63,14/07/2020
1110,Michaeline,1,01/06/2020
321,Yettie,27,12/04/2021
1177,Sigismondo,80,16/02/2021
835,Berry,100,30/04/2020
1246,Lani,89,02/03/2021
373,Reed,84,21/04/2021
1801,Bethanne,60,13/10/2020
1966,Nanette,76,11/06/2020
1727,Nicolle,73,19/08/2020
340,Haywood,86,27/01/2021
1326,Zaccaria,23,11/03/2021
975,Erinn,19,16/12/2020
424,Conny,98,27/08/2020
587,Merridie,87,09/08/2020
699,Rori,65,21/02/2021
1738,Eimile,100,06/01/2021
369,Glynis,33,29/05/2020
686,Alvinia,32,11/12/2020
1556,Emmeline,81,02/04/2021
1095,Sylvia,3,17/03/2021
527,Loni,31,10/08/2020
192,Myrlene,80,11/12/2020
443,Lionello,77,25/03/2021
221,Chrystel,94,02/05/2020
260,August,98,31/08/2020
1775,Verile,74,04/04/2021
1417,Jim,49,19/01/2021
1077,Ambrose,70,30/06/2020
1152,Balduin,30,22/05/2020
1390,Brande,74,21/10/2020
1507,Ricca,75,15/08/2020
1474,Reyna,81,16/08/2020
1726,Wayland,99,24/08/2020
1857,Guglielmo,43,29/08/2020
704,Dehlia,86,18/11/2020
1867,Lindi,71,19/02/2021
1632,Nap,78,26/11/2020
1367,Joachim,18,07/11/2020
554,Willi,50,02/05/2020
1343,Victoria,36,17/04/2021
1192,Yorgo,82,01/05/2020
1825,Torin,10,09/04/2021
1673,Mitchel,63,17/11/2020
634,Hetti,63,17/10/2020
591,Kory,14,13/05/2020
803,Vera,59,15/10/2020
698,Addi,39,23/12/2020
1129,Gennie,92,13/04/2021
577,Jerry,41,20/04/2021
659,Mathilde,1,30/04/2020
1977,Kathe,72,15/11/2020
355,Ram,81,29/03/2021
421,Charmaine,50,10/03/2021
1319,Corbie,70,14/07/2020
1139,Alexei,35,13/06/2020
1487,Tanner,17,16/05/2020
634,Bill,80,13/01/2021
943,Madelle,58,07/06/2020
357,Melany,31,29/09/2020
1215,Eileen,95,30/06/2020
1053,Rouvin,99,04/06/2020
1056,Mufi,94,24/08/2020
583,Markus,60,16/02/2021
697,Danice,4,19/07/2020
1166,Chad,79,28/04/2020
491,Garold,98,17/10/2020
1876,Sean,45,01/10/2020
1472,Shirleen,91,05/04/2021
575,Dory,41,20/10/2020
1335,Reamonn,87,07/04/2021
158,Iolanthe,64,25/03/2021
413,Alta,28,12/09/2020
245,Karney,54,18/04/2021
1223,Tobe,64,18/05/2020
757,Clemmy,26,31/03/2021
291,Jaime,9,11/06/2020
1184,Manny,86,01/08/2020
280,Daisi,85,23/11/2020
1777,Dunn,64,05/08/2020
165,Derk,77,05/12/2020
1025,Suzy,36,03/08/2020
1908,Waylan,58,18/06/2020
108,Launce,92,22/03/2021
1740,Demetris,67,03/08/2020
875,Fowler,31,23/09/2020
1809,Alta,37,18/07/2020
1324,Craggy,25,01/04/2021
1243,Darrin,10,07/08/2020
1636,Gwenora,84,03/05/2020
834,Taddeusz,28,04/04/2021
1639,Carmen,99,20/12/2020
320,Reine,67,28/08/2020
1505,Humfrid,67,26/04/2020
134,Carma,50,22/12/2020
1847,Donnie,64,13/09/2020
1882,Karisa,69,08/01/2021
1678,Gusella,67,08/09/2020
316,Orion,67,09/08/2020
1284,Barr,31,30/04/2020
1293,Dante,14,17/12/2020
473,Averell,54,06/09/2020
1092,Harlin,74,16/02/2021
448,Lacey,94,27/07/2020
1777,Cindee,29,23/01/2021
474,Beauregard,48,07/01/2021
1630,Aaren,87,04/03/2021
981,Dag,6,26/02/2021
1574,Aldon,37,30/07/2020
1558,Cindelyn,82,03/11/2020
319,Di,15,09/08/2020
821,Meade,63,05/10/2020
1552,Lester,62,12/10/2020
945,Farlee,47,29/12/2020
937,Cass,78,11/10/2020
1974,Jillana,15,28/01/2021
1897,Alister,50,18/10/2020
347,Joice,48,21/12/2020
1423,Benton,8,13/12/2020
1433,Dmitri,95,30/05/2020
1780,Allistir,50,06/05/2020
1417,Consolata,75,19/01/2021
223,Marijn,70,18/02/2021
157,Bibi,67,17/01/2021
926,Livy,50,06/09/2020
157,Wang,89,07/09/2020
757,Raeann,33,19/07/2020
1735,Alair,53,25/11/2020
1899,Garreth,64,29/11/2020
639,Catherin,65,22/10/2020
1445,Yoko,33,06/08/2020
1781,Marian,41,04/11/2020
373,Hermon,100,19/08/2020
1299,Gaultiero,21,05/08/2020
1761,Corinne,78,27/10/2020
210,Angeline,64,17/11/2020
194,Adriaens,87,13/10/2020
1848,Paulette,55,27/04/2020
1843,Don,34,07/01/2021
455,Melody,75,07/12/2020
1372,Kassandra,84,20/01/2021
554,Zia,67,31/12/2020
1858,Markos,70,20/05/2020
791,Regine,44,06/08/2020
1038,Leanor,28,10/06/2020
1031,Haily,55,30/01/2021
343,Griffy,82,28/03/2021
1159,Clarke,3,03/11/2020
129,Justinian,70,14/04/2021
254,Cobb,3,02/09/2020
1909,Jacqueline,84,15/11/2020
559,Weber,7,04/09/2020
213,Freddie,63,07/07/2020
199,Allis,28,06/02/2021
570,Horacio,99,25/01/2021
234,Merilee,98,21/03/2021
1909,Rudolph,72,20/02/2021
368,Jolene,88,14/03/2021
1405,Fons,95,18/07/2020
511,Marj,22,16/07/2020
696,Archibaldo,75,12/10/2020
353,Sherwin,53,04/04/2021
1842,Hillel,14,26/05/2020
710,Oralie,22,16/06/2020
103,Cathlene,86,08/09/2020
1798,Lida,86,08/06/2020
764,Nataline,25,27/07/2020
196,Tori,72,16/02/2021
1399,Pierrette,67,16/12/2020
1496,Marion,37,04/03/2021
817,Adolphe,65,16/10/2020
1860,Emelia,100,12/11/2020
256,Avivah,6,16/05/2020
1627,Tull,96,01/04/2021
1881,Bab,54,01/07/2020
1212,Drud,94,21/04/2021
1259,Margo,59,04/05/2020
1943,Trevor,95,02/08/2020
551,Hazel,30,30/03/2021
1401,Kathi,96,22/08/2020
456,Daren,94,16/06/2020
549,Lianna,22,08/05/2020
563,Corrine,48,04/06/2020
288,Sibilla,17,18/03/2021
1925,Ethelyn,50,17/10/2020
1027,Ediva,82,21/08/2020
1863,Joell,68,24/12/2020
1408,Gustaf,35,05/02/2021
1155,Mallissa,28,22/08/2020
1494,Stoddard,28,18/11/2020
419,Danette,66,18/11/2020
580,Bertine,29,15/06/2020
1133,Mandy,68,11/03/2021
978,Cori,86,25/04/2021
810,Lolita,58,06/05/2020
1035,Pru,28,24/07/2020
124,Paolina,7,18/06/2020
1270,Emeline,48,21/09/2020
1706,Jilly,62,21/03/2021
193,Myer,25,28/10/2020
836,Charla,13,10/09/2020
1492,Maridel,68,23/03/2021
753,Chelsae,97,09/11/2020
391,Mervin,34,06/10/2020
585,Harcourt,81,22/02/2021
1721,Florencia,13,09/09/2020
105,Avery,34,17/02/2021
499,Shayna,61,17/04/2021
469,Odele,9,07/08/2020
346,Alleyn,59,26/08/2020
1358,Camilla,69,08/01/2021
1025,Nike,31,25/04/2021
847,Salli,59,05/09/2020
1807,Dorelle,85,22/10/2020
499,Annalise,88,09/03/2021
916,Candide,63,22/07/2020
1224,Shae,48,15/12/2020
151,Den,83,14/02/2021
1158,Town,46,14/10/2020
1009,Tabor,2,23/11/2020
1515,Harriette,90,27/09/2020
1033,Katherine,82,25/03/2021
1968,Washington,35,18/10/2020
775,Lettie,88,01/12/2020
1850,Tamma,18,01/04/2021
351,Lennie,54,19/08/2020
553,Eunice,26,29/10/2020
1879,Hayes,99,20/11/2020
353,Doris,5,21/03/2021
586,Tonye,9,08/04/2021
230,Morgen,77,14/04/2021
1849,Blakelee,61,17/07/2020
347,Cherri,47,01/07/2020
498,Beniamino,43,02/01/2021
913,Olly,99,14/03/2021
1673,Billy,83,12/04/2021
967,Paquito,94,04/07/2020
1684,Klarrisa,11,26/05/2020
1726,Libbie,97,15/11/2020
1424,Alyda,84,10/11/2020
190,Adara,4,25/05/2020
571,Talyah,28,25/11/2020
583,Maribelle,89,16/04/2021
1479,Frazier,85,15/09/2020
488,Hugo,20,27/07/2020
620,Gus,13,20/07/2020
411,Mari,9,31/10/2020
772,Vivian,53,17/11/2020
1385,Davidde,87,04/12/2020
1241,Gran,57,27/02/2021
1501,Lamond,39,26/02/2021
543,Theodora,9,19/11/2020
1861,Stesha,30,29/09/2020
537,Kandace,48,02/04/2021
452,Christi,11,20/07/2020
1906,Alaine,76,01/01/2021
1889,Renard,29,04/04/2021
782,Rod,24,05/01/2021
466,Gayla,69,04/08/2020
1162,Esra,84,05/03/2021
615,Web,35,20/10/2020
1510,Dianna,72,14/10/2020
696,Darbee,62,15/11/2020
937,Fifine,53,27/02/2021
933,Christiana,55,24/07/2020
693,Vanya,51,16/10/2020
592,Richmound,74,24/09/2020
768,Rosella,70,12/08/2020
512,Barbra,6,18/11/2020
1669,Trip,40,27/12/2020
815,Ernestine,90,16/07/2020
992,Yuri,94,27/09/2020
547,Raina,94,12/11/2020
446,Erasmus,29,02/03/2021
1399,Jedidiah,26,20/03/2021
429,Mayer,9,02/08/2020
1110,Flinn,25,01/09/2020
903,Augustus,94,05/05/2020
542,Moria,60,25/08/2020
1631,Sigismondo,76,08/09/2020
475,Raimondo,31,13/09/2020
492,Phyllis,65,11/08/2020
1335,Teddy,15,08/03/2021
465,Adriana,39,30/09/2020
1667,Lissy,66,27/01/2021
166,Sena,100,26/12/2020
552,Rosamond,24,27/01/2021
1693,Nil,68,16/06/2020
1835,Clerc,3,22/10/2020
1278,Hadlee,38,09/02/2021
1458,Suzy,32,24/03/2021
1044,Carina,80,09/08/2020
656,Jessamine,51,24/08/2020
1768,Christyna,7,03/12/2020
1004,Cesare,23,10/08/2020
1584,Dulcea,26,10/09/2020
1961,Karilynn,68,05/05/2020
725,Maude,51,18/01/2021
1403,Dwain,7,13/06/2020
1774,Flin,26,14/06/2020
1089,Adrian,15,02/11/2020
396,Thorndike,71,24/01/2021
206,Yuma,3,27/08/2020
1558,Taffy,84,21/02/2021
1948,Edithe,88,07/09/2020
514,Eve,70,01/04/2021
1472,Mikael,40,04/09/2020
1174,Doyle,48,18/03/2021
1016,Denis,82,02/05/2020
1498,Raff,13,03/05/2020
1528,Arliene,65,20/02/2021
1024,Moll,7,23/10/2020
1761,Pia,30,27/11/2020
258,Shelton,30,19/06/2020
311,Spencer,63,21/06/2020
265,Lucienne,22,13/09/2020
727,Lou,34,07/01/2021
403,Tisha,60,13/09/2020
1981,Rhonda,5,13/06/2020
1492,Thaddus,99,03/02/2021
700,Mayer,49,03/07/2020
721,Adelheid,57,12/05/2020
859,Ginevra,34,21/12/2020
137,Rina,29,27/12/2020
164,Woody,42,03/08/2020
504,Joanne,23,28/03/2021
1221,Elisabetta,66,26/01/2021
431,Janela,66,18/04/2021
1797,Bernadina,50,06/07/2020
343,Wilmette,88,15/01/2021
682,Beret,40,25/10/2020
552,Torey,17,09/10/2020
1214,Merrill,30,14/04/2021
1360,Davidson,6,24/02/2021
140,Mavis,6,04/08/2020
1660,Elisha,32,18/08/2020
1116,Jodie,76,21/10/2020
1315,Tremayne,46,19/04/2021
282,Humbert,49,26/11/2020
1426,Peri,94,12/10/2020
1445,Augusta,93,08/11/2020
1238,Maribelle,34,07/08/2020
1639,Ammamaria,98,06/01/2021
837,Kristoffer,93,29/10/2020
1568,Faydra,14,03/01/2021
281,Doe,12,21/10/2020
1794,Erl,59,13/10/2020
1993,Brenn,84,07/08/2020
1531,Marcia,24,19/08/2020
1971,Tyrus,97,07/09/2020
958,Berti,64,25/08/2020
1252,Berne,77,18/01/2021
1901,Carly,5,26/02/2021
1472,Trish,96,12/05/2020
1616,Ruddy,8,01/12/2020
579,Jerrie,20,21/10/2020
1867,Mariel,2,03/05/2020
1027,Barb,20,11/09/2020
871,Caroline,50,22/12/2020
1874,Sharleen,84,22/01/2021
1378,Edithe,18,02/07/2020
1506,Sully,7,20/05/2020
969,Rivi,43,08/11/2020
1516,Josie,96,13/12/2020
299,Arnuad,63,22/04/2021
633,Justina,37,17/05/2020
159,Kingston,23,05/03/2021
1942,Quintus,77,19/02/2021
183,Ilise,30,27/07/2020
265,Derry,99,13/04/2021
467,Melisa,78,07/04/2021
933,Charlie,83,04/06/2020
1558,Gypsy,54,08/01/2021
1581,Way,59,20/12/2020
645,Kristofor,21,27/03/2021
771,Julio,24,20/12/2020
1859,Zerk,75,09/09/2020
1599,Hiram,35,14/09/2020
592,Susie,66,05/03/2021
201,Evita,26,17/05/2020
1060,Daron,61,28/01/2021
1168,Eleanor,82,14/07/2020
1987,Ami,77,09/12/2020
107,Helsa,70,17/05/2020
361,Casi,9,07/09/2020
102,Cordie,80,20/05/2020
1559,Ingmar,64,17/07/2020
1813,Cly,46,29/06/2020
1603,Barbe,52,14/12/2020
950,Ferris,65,14/02/2021
1078,Raynor,99,24/09/2020
1452,Lars,92,07/07/2020
575,Massimiliano,2,18/09/2020
568,Reinaldos,50,31/08/2020
1657,Quinn,98,22/08/2020
1737,Anthia,80,17/10/2020
1128,Nicolais,25,21/11/2020
934,Ham,7,04/09/2020
723,Lynette,76,13/12/2020
1229,Filbert,69,17/11/2020
457,Mart,16,20/10/2020
961,Mufi,28,03/11/2020
1981,Audie,68,08/01/2021
956,Jacqueline,13,01/06/2020
1560,Georgi,80,30/03/2021
1031,Kimmi,33,13/11/2020
370,Roddie,24,06/04/2021
184,Dewey,6,28/12/2020
124,Lotti,50,17/08/2020
1958,Walker,78,28/02/2021
165,Orv,38,01/09/2020
870,Janenna,34,20/05/2020
1342,Angelia,21,18/04/2021
1210,Bevvy,4,14/11/2020
1179,Kelvin,80,15/01/2021
1709,Anson,16,28/05/2020
1871,Flore,78,12/02/2021
1681,Dolph,8,21/06/2020
1067,Fanni,6,01/11/2020
1546,Anny,81,18/01/2021
737,Corbie,40,07/01/2021
909,Peyton,68,24/10/2020
1002,Alisander,100,01/12/2020
230,Bette-ann,50,16/04/2021
1742,Cherish,31,11/03/2021
1004,Devland,24,03/10/2020
625,Lorain,9,03/02/2021
1694,Westbrook,5,11/05/2020
1989,Thacher,61,24/03/2021
714,Pennie,30,19/02/2021
1151,Nerty,42,05/04/2021
1876,Nichol,98,01/03/2021
821,Ellissa,41,29/05/2020
1280,Kimberley,45,13/02/2021
315,Ramon,42,19/08/2020
1760,Kissee,56,29/01/2021
864,Marylynne,65,12/06/2020
107,Lesley,45,24/05/2020
692,Gerald,11,21/02/2021
713,Mickie,26,12/08/2020
160,Kassie,14,26/03/2021
1715,Adriano,65,12/07/2020
1044,Jameson,92,12/07/2020
335,Bernarr,34,18/07/2020
1384,Dwain,96,02/06/2020
1032,Saunders,56,29/12/2020
1014,Spencer,81,20/06/2020
212,Xerxes,29,22/03/2021
1597,Alisha,14,21/06/2020
1654,Ruthy,56,10/12/2020
511,Leisha,51,21/02/2021
1106,Aviva,88,02/12/2020
1725,Katie,61,03/07/2020
221,Malissa,40,02/10/2020
1442,Micheline,84,20/07/2020
622,Odo,80,22/11/2020
1917,Konrad,100,06/11/2020
1963,Shep,21,24/01/2021
1145,Joellen,94,26/07/2020
1170,Kevan,63,14/07/2020
272,Vivie,8,27/03/2021
729,Brooke,86,04/11/2020
530,Lesli,23,08/12/2020
920,Kaspar,65,06/12/2020
619,Dulcy,66,19/04/2021
1604,Elisa,10,07/09/2020
892,Bendicty,99,24/06/2020
1517,Dyanne,60,03/01/2021
1606,Arlette,83,29/04/2020
575,Muffin,17,21/03/2021
540,Katrina,11,18/10/2020
1958,Katherine,52,22/06/2020
1933,Robb,54,03/08/2020
190,Ban,13,11/07/2020
1624,Rafaelia,74,28/05/2020
1954,Romy,80,11/09/2020
1232,Hedwig,65,16/09/2020
297,Antoni,64,12/08/2020
1622,Beauregard,93,09/02/2021
677,Olivia,6,22/09/2020
333,Drake,13,22/07/2020
1693,Laurena,30,21/10/2020
1976,Cheslie,70,24/02/2021
1325,Andres,21,10/12/2020
1316,Appolonia,39,05/11/2020
156,Marcos,1,25/03/2021
586,Colleen,99,16/04/2021
958,Carlina,69,14/07/2020
1513,Salomon,66,30/08/2020
1975,Tucky,77,12/07/2020
586,Jewell,36,21/02/2021
1913,Riobard,94,08/05/2020
415,Paxton,3,02/08/2020
1204,Lutero,80,29/01/2021
187,Nalani,57,26/03/2021
1559,Esra,66,28/09/2020
1997,Portie,55,30/09/2020
380,Andromache,82,07/07/2020
1312,Jillie,29,28/09/2020
1504,Krishna,44,02/05/2020
691,Stefa,53,14/09/2020
857,Judi,94,31/10/2020
1003,Stacy,80,22/12/2020
989,Shannon,62,31/05/2020
1301,Hallie,83,28/11/2020
1349,Marlene,98,17/06/2020
1265,Kristos,4,22/04/2021
1645,Danell,26,06/11/2020
473,Garrard,85,06/06/2020
361,Jilly,28,25/03/2021
1711,Megen,65,07/06/2020
1002,Nappy,78,12/06/2020
1510,Roslyn,29,28/09/2020
842,Robert,12,20/03/2021
1280,Laina,10,26/10/2020
132,Darci,58,19/01/2021
412,Danica,57,05/07/2020
558,Latisha,68,26/06/2020
1092,Lanita,28,13/05/2020
593,Carole,55,28/10/2020
1958,Errick,20,15/07/2020
1948,Zorah,55,12/09/2020
702,Edvard,99,19/06/2020
1102,Skippy,49,26/08/2020
1409,Tim,21,24/10/2020
1893,Sammy,52,29/05/2020
254,Gustavus,6,23/04/2021
1092,Elliot,7,23/04/2021
1482,Alyse,50,02/05/2020
576,Sharia,56,01/11/2020
891,Elvyn,77,19/11/2020
1844,Gaston,59,11/11/2020
1858,Johna,67,08/08/2020
777,Dewey,19,15/08/2020
217,Maxwell,25,29/09/2020
1106,Karalee,76,30/07/2020
1802,Dynah,62,27/06/2020
1275,Glynis,6,03/12/2020
1282,Erika,96,27/01/2021
186,Dael,46,07/04/2021
1890,Linda,1,18/12/2020
942,Clarey,14,02/12/2020
1410,Rachele,77,20/06/2020
1583,Giffard,43,05/12/2020
1894,Aundrea,24,22/07/2020
784,Prentice,23,21/03/2021
469,Hadley,67,26/01/2021
804,Irina,16,16/03/2021
182,Imelda,78,29/04/2020
1020,Aggie,59,23/01/2021
494,Farra,37,12/05/2020
375,Eliot,88,13/10/2020
1697,Dorothee,81,18/07/2020
840,Mick,90,19/02/2021
867,Elfrieda,98,12/12/2020
1532,Arlina,42,28/11/2020
545,Cherida,24,14/11/2020
1324,Chaunce,37,15/07/2020
1277,Genevieve,68,25/11/2020
1059,Marion,56,27/12/2020
1590,Katerine,16,27/01/2021
598,Sallee,35,28/08/2020
299,Ardath,38,08/10/2020
887,Conny,46,17/07/2020
1786,Hilda,55,17/09/2020
1393,Graehme,83,17/11/2020
738,Zacharias,11,04/10/2020
332,Jelene,26,20/05/2020
1521,Francene,41,11/04/2021
1162,Brett,41,14/10/2020
1119,Cthrine,81,13/10/2020
162,Caterina,24,05/04/2021
1566,Jordon,88,05/01/2021
803,Kissiah,16,10/01/2021
121,Bernardine,61,24/05/2020
405,Bathsheba,37,08/01/2021
616,Ki,17,09/02/2021
522,Thomasine,3,18/01/2021
1712,Joela,64,19/10/2020
1243,Rory,24,12/12/2020
1979,Gale,2,13/12/2020
1558,Bonny,46,15/08/2020
1070,Bird,53,22/10/2020
914,Joell,21,11/01/2021
1503,Editha,78,25/09/2020
1734,Frannie,98,17/03/2021
284,Sharron,70,10/08/2020
174,Beatrice,74,09/05/2020
1857,Rosemaria,18,19/07/2020
1827,Veronica,77,31/10/2020
1377,Talyah,53,22/07/2020
1059,Zaneta,91,04/04/2021
1344,Mahmoud,87,10/05/2020
940,Coriss,99,25/05/2020
1973,Gilbertine,50,26/03/2021
1429,Auguste,86,23/06/2020
1106,Ursula,20,05/11/2020
1987,Andi,72,09/03/2021
1181,Lind,67,19/12/2020
938,Katheryn,67,14/01/2021
1400,Rickie,47,12/06/2020
380,Jaquith,56,19/06/2020
563,Cybill,52,05/08/2020
1001,Murial,74,04/10/2020
1286,Penny,67,17/03/2021
273,Ethan,90,19/06/2020
1632,Garvey,34,20/11/2020
1460,Sven,29,11/01/2021
1860,Aluino,16,03/03/2021
738,Janifer,12,02/10/2020
1286,Linzy,14,30/03/2021
458,Eunice,69,21/08/2020
1881,Meggy,89,04/12/2020
204,Shel,3,18/07/2020
952,Geordie,98,12/10/2020
1379,Jerad,88,09/01/2021
1716,Eda,6,26/06/2020
843,Gisella,87,18/09/2020
641,Gregorius,72,18/07/2020
1726,Walker,27,14/12/2020
844,Thornton,64,24/05/2020
1105,Ruthanne,83,16/07/2020
296,Meyer,97,17/02/2021
1132,Symon,18,24/12/2020
475,Lawrence,82,15/11/2020
183,Sol,13,13/10/2020
1113,Mattie,29,10/10/2020
1522,Joana,97,25/08/2020
1801,Orion,87,05/04/2021
498,Shalne,52,12/07/2020
477,Tilda,16,02/02/2021
1679,Audrie,4,15/09/2020
506,Annnora,56,11/06/2020
1343,Nichol,5,01/10/2020
732,Rosemonde,31,23/10/2020
1992,Erna,57,30/11/2020
607,Eleni,5,07/12/2020
1540,Thacher,48,02/02/2021
1101,Winnifred,17,14/12/2020
1053,Rees,63,16/06/2020
1644,Fons,74,04/11/2020
1784,Elizabeth,24,30/10/2020
1421,Talbot,46,09/08/2020
1796,Jarad,7,30/08/2020
1851,Webb,76,09/01/2021
402,Cthrine,49,06/01/2021
1789,Natty,49,27/12/2020
